<?xml version="1.0" encoding="UTF-8"?><?xml-stylesheet type='text/xsl' href='_UpgradeReport_Files/UpgradeReport.xslt'?><UpgradeLog>
<Properties><Property Name="Solution" Value="ActivityTimer">
</Property><Property Name="Solution File" Value="C:\Users\Nho\Desktop\354895_ActivityTimer_cs\ActivityTimer_cs\ActivityTimer.sln">
</Property><Property Name="Date" Value="Tuesday, June 19, 2012">
</Property><Property Name="Time" Value="20:30 PM">
</Property></Properties><Event ErrorLevel="0" Project="" Source="ActivityTimer.sln" Description="File successfully backed up as C:\Users\Nho\Desktop\354895_ActivityTimer_cs\ActivityTimer_cs\Backup\ActivityTimer.sln">
</Event><Event ErrorLevel="0" Project="ActivityTimer" Source="ActivityTimer\ActivityTimer.csproj" Description="Project file successfully backed up as C:\Users\Nho\Desktop\354895_ActivityTimer_cs\ActivityTimer_cs\Backup\ActivityTimer\ActivityTimer.csproj">
</Event><Event ErrorLevel="0" Project="ActivityTimer" Source="ActivityTimer\Components\UserActivityState.cs" Description="File successfully backed up as C:\Users\Nho\Desktop\354895_ActivityTimer_cs\ActivityTimer_cs\Backup\ActivityTimer\Components\UserActivityState.cs">
</Event><Event ErrorLevel="0" Project="ActivityTimer" Source="ActivityTimer\Components\UserActivityTimer.cs" Description="File successfully backed up as C:\Users\Nho\Desktop\354895_ActivityTimer_cs\ActivityTimer_cs\Backup\ActivityTimer\Components\UserActivityTimer.cs">
</Event><Event ErrorLevel="0" Project="ActivityTimer" Source="ActivityTimer\MainForm.cs" Description="File successfully backed up as C:\Users\Nho\Desktop\354895_ActivityTimer_cs\ActivityTimer_cs\Backup\ActivityTimer\MainForm.cs">
</Event><Event ErrorLevel="0" Project="ActivityTimer" Source="ActivityTimer\MainForm.Designer.cs" Description="File successfully backed up as C:\Users\Nho\Desktop\354895_ActivityTimer_cs\ActivityTimer_cs\Backup\ActivityTimer\MainForm.Designer.cs">
</Event><Event ErrorLevel="0" Project="ActivityTimer" Source="ActivityTimer\Program.cs" Description="File successfully backed up as C:\Users\Nho\Desktop\354895_ActivityTimer_cs\ActivityTimer_cs\Backup\ActivityTimer\Program.cs">
</Event><Event ErrorLevel="0" Project="ActivityTimer" Source="ActivityTimer\Properties\AssemblyInfo.cs" Description="File successfully backed up as C:\Users\Nho\Desktop\354895_ActivityTimer_cs\ActivityTimer_cs\Backup\ActivityTimer\Properties\AssemblyInfo.cs">
</Event><Event ErrorLevel="0" Project="ActivityTimer" Source="ActivityTimer\Properties\Resources.Designer.cs" Description="File successfully backed up as C:\Users\Nho\Desktop\354895_ActivityTimer_cs\ActivityTimer_cs\Backup\ActivityTimer\Properties\Resources.Designer.cs">
</Event><Event ErrorLevel="0" Project="ActivityTimer" Source="ActivityTimer\Properties\Settings.Designer.cs" Description="File successfully backed up as C:\Users\Nho\Desktop\354895_ActivityTimer_cs\ActivityTimer_cs\Backup\ActivityTimer\Properties\Settings.Designer.cs">
</Event><Event ErrorLevel="0" Project="ActivityTimer" Source="ActivityTimer\Properties\Settings.settings" Description="File successfully backed up as C:\Users\Nho\Desktop\354895_ActivityTimer_cs\ActivityTimer_cs\Backup\ActivityTimer\Properties\Settings.settings">
</Event><Event ErrorLevel="0" Project="ActivityTimer" Source="ActivityTimer\MainForm.resx" Description="File successfully backed up as C:\Users\Nho\Desktop\354895_ActivityTimer_cs\ActivityTimer_cs\Backup\ActivityTimer\MainForm.resx">
</Event><Event ErrorLevel="0" Project="ActivityTimer" Source="ActivityTimer\Properties\Resources.resx" Description="File successfully backed up as C:\Users\Nho\Desktop\354895_ActivityTimer_cs\ActivityTimer_cs\Backup\ActivityTimer\Properties\Resources.resx">
</Event><Event ErrorLevel="1" Project="ActivityTimer" Source="ActivityTimer\ActivityTimer.csproj" Description="Your project is targeting .NET Framework 2.0 or 3.0. If your project uses assemblies requiring a newer .NET Framework, your project will fail to build. You can change the .NET Framework version by clicking Properties on the project menu and then selecting a new version in the '.NET Framework' dropdown box. (In Visual Basic, this is located on the Compile tab by clicking the 'Advanced Compiler Options...' button.)">
</Event><Event ErrorLevel="0" Project="ActivityTimer" Source="ActivityTimer\ActivityTimer.csproj" Description="Project converted successfully">
</Event><Event ErrorLevel="3" Project="ActivityTimer" Source="ActivityTimer\ActivityTimer.csproj" Description="Converted">
</Event><Event ErrorLevel="0" Project="" Source="ActivityTimer.sln" Description="Solution converted successfully">
</Event><Event ErrorLevel="3" Project="" Source="ActivityTimer.sln" Description="Converted">
</Event><Event ErrorLevel="0" Project="ActivityTimer" Source="ActivityTimer\ActivityTimer.csproj" Description="Scan complete: Upgrade not required for project files.">
</Event></UpgradeLog>